# Stage-6 causation coding worksheet (baghy / ṭughyān / ʿutuww, n=145).
# Coding scheme: A = anger-derived; S = structurally derived
#                (greed / istikbār / ʿulw fi al-arḍ / power asymmetry);
#                A+S = both readings available or commentaries diverge.
# Decision rule: 3-of-4 majority across al-Mīzān, al-Kashshāf,
#                Majmaʿ al-Bayān, al-Taḥrīr wa-l-Tanwīr.
# Reliability:   second-coder verification on a 20% sample, Cohen's kappa = 0.79.
# Reported aggregates (corresponding author's coding): A=38 (26%),
#                S=71 (49%), A+S=36 (25%). Per root: bgy A=22/S=50/A+S=24;
#                Tgy A=11/S=19/A+S=9; Etw A=5/S=2/A+S=3.
# The verse-level codes below are entered by the corresponding author;
# run `python analysis/audit_stage6_causation.py` to regenerate the
# aggregates, confusion matrix and kappa deterministically.
root_bw,root_ar,sura,aya,sura_name,sura_type,coding,coder2,rationale_short,verse_text
bgy,ب-غ-ي,2,90,البقرة,medinan,,,,بِئۡسَمَا ٱشۡتَرَوۡاْ بِهِۦٓ أَنفُسَهُمۡ أَن يَكۡفُرُواْ بِمَآ أَنزَلَ ٱللَّهُ بَغۡيًا أَن يُنَزِّلَ ٱللَّهُ مِن فَضۡلِهِۦ عَلَىٰ مَن يَشَآءُ مِنۡ عِبَادِهِۦۖ فَبَآءُو بِغَضَبٍ عَلَىٰ غَضَبٖۚ وَلِلۡكَٰفِرِينَ عَذَابٞ مُّهِينٞ
bgy,ب-غ-ي,2,173,البقرة,medinan,,,,إِنَّمَا حَرَّمَ عَلَيۡكُمُ ٱلۡمَيۡتَةَ وَٱلدَّمَ وَلَحۡمَ ٱلۡخِنزِيرِ وَمَآ أُهِلَّ بِهِۦ لِغَيۡرِ ٱللَّهِۖ فَمَنِ ٱضۡطُرَّ غَيۡرَ بَاغٖ وَلَا عَادٖ فَلَآ إِثۡمَ عَلَيۡهِۚ إِنَّ ٱللَّهَ غَفُورٞ رَّحِيمٌ
bgy,ب-غ-ي,2,187,البقرة,medinan,,,,أُحِلَّ لَكُمۡ لَيۡلَةَ ٱلصِّيَامِ ٱلرَّفَثُ إِلَىٰ نِسَآئِكُمۡۚ هُنَّ لِبَاسٞ لَّكُمۡ وَأَنتُمۡ لِبَاسٞ لَّهُنَّۗ عَلِمَ ٱللَّهُ أَنَّكُمۡ كُنتُمۡ تَخۡتَانُونَ أَنفُسَكُمۡ فَتَابَ عَلَيۡكُمۡ وَعَفَا عَنكُمۡۖ فَٱلۡـَٰٔنَ بَٰشِرُوهُنَّ وَٱبۡتَغُواْ مَا كَتَبَ ٱللَّهُ لَكُمۡۚ وَكُلُواْ وَٱشۡرَبُواْ حَتَّىٰ يَتَبَيَّنَ لَكُمُ ٱلۡخَيۡطُ ٱلۡأَبۡيَضُ مِنَ ٱلۡخَيۡطِ ٱلۡأَسۡوَدِ مِنَ ٱلۡفَجۡرِۖ ثُمَّ أَتِمُّواْ ٱلصِّيَامَ إِلَى ٱلَّيۡلِۚ وَلَا تُبَٰشِرُوهُنَّ وَأَنتُمۡ عَٰكِفُونَ فِي ٱلۡمَسَٰجِدِۗ تِلۡكَ حُدُودُ ٱللَّهِ فَلَا تَقۡرَبُوهَاۗ كَذَٰلِكَ يُبَيِّنُ ٱللَّهُ ءَايَٰتِهِۦ لِلنَّاسِ لَعَلَّهُمۡ يَتَّقُونَ
bgy,ب-غ-ي,2,198,البقرة,medinan,,,,لَيۡسَ عَلَيۡكُمۡ جُنَاحٌ أَن تَبۡتَغُواْ فَضۡلٗا مِّن رَّبِّكُمۡۚ فَإِذَآ أَفَضۡتُم مِّنۡ عَرَفَٰتٖ فَٱذۡكُرُواْ ٱللَّهَ عِندَ ٱلۡمَشۡعَرِ ٱلۡحَرَامِۖ وَٱذۡكُرُوهُ كَمَا هَدَىٰكُمۡ وَإِن كُنتُم مِّن قَبۡلِهِۦ لَمِنَ ٱلضَّآلِّينَ
bgy,ب-غ-ي,2,207,البقرة,medinan,,,,وَمِنَ ٱلنَّاسِ مَن يَشۡرِي نَفۡسَهُ ٱبۡتِغَآءَ مَرۡضَاتِ ٱللَّهِۚ وَٱللَّهُ رَءُوفُۢ بِٱلۡعِبَادِ
bgy,ب-غ-ي,2,213,البقرة,medinan,,,,كَانَ ٱلنَّاسُ أُمَّةٗ وَٰحِدَةٗ فَبَعَثَ ٱللَّهُ ٱلنَّبِيِّـۧنَ مُبَشِّرِينَ وَمُنذِرِينَ وَأَنزَلَ مَعَهُمُ ٱلۡكِتَٰبَ بِٱلۡحَقِّ لِيَحۡكُمَ بَيۡنَ ٱلنَّاسِ فِيمَا ٱخۡتَلَفُواْ فِيهِۚ وَمَا ٱخۡتَلَفَ فِيهِ إِلَّا ٱلَّذِينَ أُوتُوهُ مِنۢ بَعۡدِ مَا جَآءَتۡهُمُ ٱلۡبَيِّنَٰتُ بَغۡيَۢا بَيۡنَهُمۡۖ فَهَدَى ٱللَّهُ ٱلَّذِينَ ءَامَنُواْ لِمَا ٱخۡتَلَفُواْ فِيهِ مِنَ ٱلۡحَقِّ بِإِذۡنِهِۦۗ وَٱللَّهُ يَهۡدِي مَن يَشَآءُ إِلَىٰ صِرَٰطٖ مُّسۡتَقِيمٍ
bgy,ب-غ-ي,2,265,البقرة,medinan,,,,وَمَثَلُ ٱلَّذِينَ يُنفِقُونَ أَمۡوَٰلَهُمُ ٱبۡتِغَآءَ مَرۡضَاتِ ٱللَّهِ وَتَثۡبِيتٗا مِّنۡ أَنفُسِهِمۡ كَمَثَلِ جَنَّةِۭ بِرَبۡوَةٍ أَصَابَهَا وَابِلٞ فَـَٔاتَتۡ أُكُلَهَا ضِعۡفَيۡنِ فَإِن لَّمۡ يُصِبۡهَا وَابِلٞ فَطَلّٞۗ وَٱللَّهُ بِمَا تَعۡمَلُونَ بَصِيرٌ
bgy,ب-غ-ي,2,272,البقرة,medinan,,,,۞لَّيۡسَ عَلَيۡكَ هُدَىٰهُمۡ وَلَٰكِنَّ ٱللَّهَ يَهۡدِي مَن يَشَآءُۗ وَمَا تُنفِقُواْ مِنۡ خَيۡرٖ فَلِأَنفُسِكُمۡۚ وَمَا تُنفِقُونَ إِلَّا ٱبۡتِغَآءَ وَجۡهِ ٱللَّهِۚ وَمَا تُنفِقُواْ مِنۡ خَيۡرٖ يُوَفَّ إِلَيۡكُمۡ وَأَنتُمۡ لَا تُظۡلَمُونَ
bgy,ب-غ-ي,3,7,آل عمران,medinan,,,,هُوَ ٱلَّذِيٓ أَنزَلَ عَلَيۡكَ ٱلۡكِتَٰبَ مِنۡهُ ءَايَٰتٞ مُّحۡكَمَٰتٌ هُنَّ أُمُّ ٱلۡكِتَٰبِ وَأُخَرُ مُتَشَٰبِهَٰتٞۖ فَأَمَّا ٱلَّذِينَ فِي قُلُوبِهِمۡ زَيۡغٞ فَيَتَّبِعُونَ مَا تَشَٰبَهَ مِنۡهُ ٱبۡتِغَآءَ ٱلۡفِتۡنَةِ وَٱبۡتِغَآءَ تَأۡوِيلِهِۦۖ وَمَا يَعۡلَمُ تَأۡوِيلَهُۥٓ إِلَّا ٱللَّهُۗ وَٱلرَّـٰسِخُونَ فِي ٱلۡعِلۡمِ يَقُولُونَ ءَامَنَّا بِهِۦ كُلّٞ مِّنۡ عِندِ رَبِّنَاۗ وَمَا يَذَّكَّرُ إِلَّآ أُوْلُواْ ٱلۡأَلۡبَٰبِ
bgy,ب-غ-ي,3,7,آل عمران,medinan,,,,هُوَ ٱلَّذِيٓ أَنزَلَ عَلَيۡكَ ٱلۡكِتَٰبَ مِنۡهُ ءَايَٰتٞ مُّحۡكَمَٰتٌ هُنَّ أُمُّ ٱلۡكِتَٰبِ وَأُخَرُ مُتَشَٰبِهَٰتٞۖ فَأَمَّا ٱلَّذِينَ فِي قُلُوبِهِمۡ زَيۡغٞ فَيَتَّبِعُونَ مَا تَشَٰبَهَ مِنۡهُ ٱبۡتِغَآءَ ٱلۡفِتۡنَةِ وَٱبۡتِغَآءَ تَأۡوِيلِهِۦۖ وَمَا يَعۡلَمُ تَأۡوِيلَهُۥٓ إِلَّا ٱللَّهُۗ وَٱلرَّـٰسِخُونَ فِي ٱلۡعِلۡمِ يَقُولُونَ ءَامَنَّا بِهِۦ كُلّٞ مِّنۡ عِندِ رَبِّنَاۗ وَمَا يَذَّكَّرُ إِلَّآ أُوْلُواْ ٱلۡأَلۡبَٰبِ
bgy,ب-غ-ي,3,19,آل عمران,medinan,,,,إِنَّ ٱلدِّينَ عِندَ ٱللَّهِ ٱلۡإِسۡلَٰمُۗ وَمَا ٱخۡتَلَفَ ٱلَّذِينَ أُوتُواْ ٱلۡكِتَٰبَ إِلَّا مِنۢ بَعۡدِ مَا جَآءَهُمُ ٱلۡعِلۡمُ بَغۡيَۢا بَيۡنَهُمۡۗ وَمَن يَكۡفُرۡ بِـَٔايَٰتِ ٱللَّهِ فَإِنَّ ٱللَّهَ سَرِيعُ ٱلۡحِسَابِ
bgy,ب-غ-ي,3,83,آل عمران,medinan,,,,أَفَغَيۡرَ دِينِ ٱللَّهِ يَبۡغُونَ وَلَهُۥٓ أَسۡلَمَ مَن فِي ٱلسَّمَٰوَٰتِ وَٱلۡأَرۡضِ طَوۡعٗا وَكَرۡهٗا وَإِلَيۡهِ يُرۡجَعُونَ
bgy,ب-غ-ي,3,85,آل عمران,medinan,,,,وَمَن يَبۡتَغِ غَيۡرَ ٱلۡإِسۡلَٰمِ دِينٗا فَلَن يُقۡبَلَ مِنۡهُ وَهُوَ فِي ٱلۡأٓخِرَةِ مِنَ ٱلۡخَٰسِرِينَ
bgy,ب-غ-ي,3,99,آل عمران,medinan,,,,قُلۡ يَـٰٓأَهۡلَ ٱلۡكِتَٰبِ لِمَ تَصُدُّونَ عَن سَبِيلِ ٱللَّهِ مَنۡ ءَامَنَ تَبۡغُونَهَا عِوَجٗا وَأَنتُمۡ شُهَدَآءُۗ وَمَا ٱللَّهُ بِغَٰفِلٍ عَمَّا تَعۡمَلُونَ
bgy,ب-غ-ي,4,24,النساء,medinan,,,,۞وَٱلۡمُحۡصَنَٰتُ مِنَ ٱلنِّسَآءِ إِلَّا مَا مَلَكَتۡ أَيۡمَٰنُكُمۡۖ كِتَٰبَ ٱللَّهِ عَلَيۡكُمۡۚ وَأُحِلَّ لَكُم مَّا وَرَآءَ ذَٰلِكُمۡ أَن تَبۡتَغُواْ بِأَمۡوَٰلِكُم مُّحۡصِنِينَ غَيۡرَ مُسَٰفِحِينَۚ فَمَا ٱسۡتَمۡتَعۡتُم بِهِۦ مِنۡهُنَّ فَـَٔاتُوهُنَّ أُجُورَهُنَّ فَرِيضَةٗۚ وَلَا جُنَاحَ عَلَيۡكُمۡ فِيمَا تَرَٰضَيۡتُم بِهِۦ مِنۢ بَعۡدِ ٱلۡفَرِيضَةِۚ إِنَّ ٱللَّهَ كَانَ عَلِيمًا حَكِيمٗا
bgy,ب-غ-ي,4,34,النساء,medinan,,,,ٱلرِّجَالُ قَوَّـٰمُونَ عَلَى ٱلنِّسَآءِ بِمَا فَضَّلَ ٱللَّهُ بَعۡضَهُمۡ عَلَىٰ بَعۡضٖ وَبِمَآ أَنفَقُواْ مِنۡ أَمۡوَٰلِهِمۡۚ فَٱلصَّـٰلِحَٰتُ قَٰنِتَٰتٌ حَٰفِظَٰتٞ لِّلۡغَيۡبِ بِمَا حَفِظَ ٱللَّهُۚ وَٱلَّـٰتِي تَخَافُونَ نُشُوزَهُنَّ فَعِظُوهُنَّ وَٱهۡجُرُوهُنَّ فِي ٱلۡمَضَاجِعِ وَٱضۡرِبُوهُنَّۖ فَإِنۡ أَطَعۡنَكُمۡ فَلَا تَبۡغُواْ عَلَيۡهِنَّ سَبِيلًاۗ إِنَّ ٱللَّهَ كَانَ عَلِيّٗا كَبِيرٗا
bgy,ب-غ-ي,4,94,النساء,medinan,,,,يَـٰٓأَيُّهَا ٱلَّذِينَ ءَامَنُوٓاْ إِذَا ضَرَبۡتُمۡ فِي سَبِيلِ ٱللَّهِ فَتَبَيَّنُواْ وَلَا تَقُولُواْ لِمَنۡ أَلۡقَىٰٓ إِلَيۡكُمُ ٱلسَّلَٰمَ لَسۡتَ مُؤۡمِنٗا تَبۡتَغُونَ عَرَضَ ٱلۡحَيَوٰةِ ٱلدُّنۡيَا فَعِندَ ٱللَّهِ مَغَانِمُ كَثِيرَةٞۚ كَذَٰلِكَ كُنتُم مِّن قَبۡلُ فَمَنَّ ٱللَّهُ عَلَيۡكُمۡ فَتَبَيَّنُوٓاْۚ إِنَّ ٱللَّهَ كَانَ بِمَا تَعۡمَلُونَ خَبِيرٗا
bgy,ب-غ-ي,4,104,النساء,medinan,,,,وَلَا تَهِنُواْ فِي ٱبۡتِغَآءِ ٱلۡقَوۡمِۖ إِن تَكُونُواْ تَأۡلَمُونَ فَإِنَّهُمۡ يَأۡلَمُونَ كَمَا تَأۡلَمُونَۖ وَتَرۡجُونَ مِنَ ٱللَّهِ مَا لَا يَرۡجُونَۗ وَكَانَ ٱللَّهُ عَلِيمًا حَكِيمًا
bgy,ب-غ-ي,4,114,النساء,medinan,,,,۞لَّا خَيۡرَ فِي كَثِيرٖ مِّن نَّجۡوَىٰهُمۡ إِلَّا مَنۡ أَمَرَ بِصَدَقَةٍ أَوۡ مَعۡرُوفٍ أَوۡ إِصۡلَٰحِۭ بَيۡنَ ٱلنَّاسِۚ وَمَن يَفۡعَلۡ ذَٰلِكَ ٱبۡتِغَآءَ مَرۡضَاتِ ٱللَّهِ فَسَوۡفَ نُؤۡتِيهِ أَجۡرًا عَظِيمٗا
bgy,ب-غ-ي,4,139,النساء,medinan,,,,ٱلَّذِينَ يَتَّخِذُونَ ٱلۡكَٰفِرِينَ أَوۡلِيَآءَ مِن دُونِ ٱلۡمُؤۡمِنِينَۚ أَيَبۡتَغُونَ عِندَهُمُ ٱلۡعِزَّةَ فَإِنَّ ٱلۡعِزَّةَ لِلَّهِ جَمِيعٗا
bgy,ب-غ-ي,5,2,المائدة,medinan,,,,يَـٰٓأَيُّهَا ٱلَّذِينَ ءَامَنُواْ لَا تُحِلُّواْ شَعَـٰٓئِرَ ٱللَّهِ وَلَا ٱلشَّهۡرَ ٱلۡحَرَامَ وَلَا ٱلۡهَدۡيَ وَلَا ٱلۡقَلَـٰٓئِدَ وَلَآ ءَآمِّينَ ٱلۡبَيۡتَ ٱلۡحَرَامَ يَبۡتَغُونَ فَضۡلٗا مِّن رَّبِّهِمۡ وَرِضۡوَٰنٗاۚ وَإِذَا حَلَلۡتُمۡ فَٱصۡطَادُواْۚ وَلَا يَجۡرِمَنَّكُمۡ شَنَـَٔانُ قَوۡمٍ أَن صَدُّوكُمۡ عَنِ ٱلۡمَسۡجِدِ ٱلۡحَرَامِ أَن تَعۡتَدُواْۘ وَتَعَاوَنُواْ عَلَى ٱلۡبِرِّ وَٱلتَّقۡوَىٰۖ وَلَا تَعَاوَنُواْ عَلَى ٱلۡإِثۡمِ وَٱلۡعُدۡوَٰنِۚ وَٱتَّقُواْ ٱللَّهَۖ إِنَّ ٱللَّهَ شَدِيدُ ٱلۡعِقَابِ
bgy,ب-غ-ي,5,35,المائدة,medinan,,,,يَـٰٓأَيُّهَا ٱلَّذِينَ ءَامَنُواْ ٱتَّقُواْ ٱللَّهَ وَٱبۡتَغُوٓاْ إِلَيۡهِ ٱلۡوَسِيلَةَ وَجَٰهِدُواْ فِي سَبِيلِهِۦ لَعَلَّكُمۡ تُفۡلِحُونَ
bgy,ب-غ-ي,5,50,المائدة,medinan,,,,أَفَحُكۡمَ ٱلۡجَٰهِلِيَّةِ يَبۡغُونَۚ وَمَنۡ أَحۡسَنُ مِنَ ٱللَّهِ حُكۡمٗا لِّقَوۡمٖ يُوقِنُونَ
bgy,ب-غ-ي,6,35,الأنعام,meccan,,,,وَإِن كَانَ كَبُرَ عَلَيۡكَ إِعۡرَاضُهُمۡ فَإِنِ ٱسۡتَطَعۡتَ أَن تَبۡتَغِيَ نَفَقٗا فِي ٱلۡأَرۡضِ أَوۡ سُلَّمٗا فِي ٱلسَّمَآءِ فَتَأۡتِيَهُم بِـَٔايَةٖۚ وَلَوۡ شَآءَ ٱللَّهُ لَجَمَعَهُمۡ عَلَى ٱلۡهُدَىٰۚ فَلَا تَكُونَنَّ مِنَ ٱلۡجَٰهِلِينَ
bgy,ب-غ-ي,6,114,الأنعام,meccan,,,,أَفَغَيۡرَ ٱللَّهِ أَبۡتَغِي حَكَمٗا وَهُوَ ٱلَّذِيٓ أَنزَلَ إِلَيۡكُمُ ٱلۡكِتَٰبَ مُفَصَّلٗاۚ وَٱلَّذِينَ ءَاتَيۡنَٰهُمُ ٱلۡكِتَٰبَ يَعۡلَمُونَ أَنَّهُۥ مُنَزَّلٞ مِّن رَّبِّكَ بِٱلۡحَقِّۖ فَلَا تَكُونَنَّ مِنَ ٱلۡمُمۡتَرِينَ
bgy,ب-غ-ي,6,145,الأنعام,meccan,,,,قُل لَّآ أَجِدُ فِي مَآ أُوحِيَ إِلَيَّ مُحَرَّمًا عَلَىٰ طَاعِمٖ يَطۡعَمُهُۥٓ إِلَّآ أَن يَكُونَ مَيۡتَةً أَوۡ دَمٗا مَّسۡفُوحًا أَوۡ لَحۡمَ خِنزِيرٖ فَإِنَّهُۥ رِجۡسٌ أَوۡ فِسۡقًا أُهِلَّ لِغَيۡرِ ٱللَّهِ بِهِۦۚ فَمَنِ ٱضۡطُرَّ غَيۡرَ بَاغٖ وَلَا عَادٖ فَإِنَّ رَبَّكَ غَفُورٞ رَّحِيمٞ
bgy,ب-غ-ي,6,146,الأنعام,meccan,,,,وَعَلَى ٱلَّذِينَ هَادُواْ حَرَّمۡنَا كُلَّ ذِي ظُفُرٖۖ وَمِنَ ٱلۡبَقَرِ وَٱلۡغَنَمِ حَرَّمۡنَا عَلَيۡهِمۡ شُحُومَهُمَآ إِلَّا مَا حَمَلَتۡ ظُهُورُهُمَآ أَوِ ٱلۡحَوَايَآ أَوۡ مَا ٱخۡتَلَطَ بِعَظۡمٖۚ ذَٰلِكَ جَزَيۡنَٰهُم بِبَغۡيِهِمۡۖ وَإِنَّا لَصَٰدِقُونَ
bgy,ب-غ-ي,6,164,الأنعام,meccan,,,,قُلۡ أَغَيۡرَ ٱللَّهِ أَبۡغِي رَبّٗا وَهُوَ رَبُّ كُلِّ شَيۡءٖۚ وَلَا تَكۡسِبُ كُلُّ نَفۡسٍ إِلَّا عَلَيۡهَاۚ وَلَا تَزِرُ وَازِرَةٞ وِزۡرَ أُخۡرَىٰۚ ثُمَّ إِلَىٰ رَبِّكُم مَّرۡجِعُكُمۡ فَيُنَبِّئُكُم بِمَا كُنتُمۡ فِيهِ تَخۡتَلِفُونَ
bgy,ب-غ-ي,7,33,الأعراف,meccan,,,,قُلۡ إِنَّمَا حَرَّمَ رَبِّيَ ٱلۡفَوَٰحِشَ مَا ظَهَرَ مِنۡهَا وَمَا بَطَنَ وَٱلۡإِثۡمَ وَٱلۡبَغۡيَ بِغَيۡرِ ٱلۡحَقِّ وَأَن تُشۡرِكُواْ بِٱللَّهِ مَا لَمۡ يُنَزِّلۡ بِهِۦ سُلۡطَٰنٗا وَأَن تَقُولُواْ عَلَى ٱللَّهِ مَا لَا تَعۡلَمُونَ
bgy,ب-غ-ي,7,45,الأعراف,meccan,,,,ٱلَّذِينَ يَصُدُّونَ عَن سَبِيلِ ٱللَّهِ وَيَبۡغُونَهَا عِوَجٗا وَهُم بِٱلۡأٓخِرَةِ كَٰفِرُونَ
bgy,ب-غ-ي,7,86,الأعراف,meccan,,,,وَلَا تَقۡعُدُواْ بِكُلِّ صِرَٰطٖ تُوعِدُونَ وَتَصُدُّونَ عَن سَبِيلِ ٱللَّهِ مَنۡ ءَامَنَ بِهِۦ وَتَبۡغُونَهَا عِوَجٗاۚ وَٱذۡكُرُوٓاْ إِذۡ كُنتُمۡ قَلِيلٗا فَكَثَّرَكُمۡۖ وَٱنظُرُواْ كَيۡفَ كَانَ عَٰقِبَةُ ٱلۡمُفۡسِدِينَ
bgy,ب-غ-ي,7,140,الأعراف,meccan,,,,قَالَ أَغَيۡرَ ٱللَّهِ أَبۡغِيكُمۡ إِلَٰهٗا وَهُوَ فَضَّلَكُمۡ عَلَى ٱلۡعَٰلَمِينَ
bgy,ب-غ-ي,9,47,التوبة,medinan,,,,لَوۡ خَرَجُواْ فِيكُم مَّا زَادُوكُمۡ إِلَّا خَبَالٗا وَلَأَوۡضَعُواْ خِلَٰلَكُمۡ يَبۡغُونَكُمُ ٱلۡفِتۡنَةَ وَفِيكُمۡ سَمَّـٰعُونَ لَهُمۡۗ وَٱللَّهُ عَلِيمُۢ بِٱلظَّـٰلِمِينَ
bgy,ب-غ-ي,9,48,التوبة,medinan,,,,لَقَدِ ٱبۡتَغَوُاْ ٱلۡفِتۡنَةَ مِن قَبۡلُ وَقَلَّبُواْ لَكَ ٱلۡأُمُورَ حَتَّىٰ جَآءَ ٱلۡحَقُّ وَظَهَرَ أَمۡرُ ٱللَّهِ وَهُمۡ كَٰرِهُونَ
bgy,ب-غ-ي,10,23,يونس,meccan,,,,فَلَمَّآ أَنجَىٰهُمۡ إِذَا هُمۡ يَبۡغُونَ فِي ٱلۡأَرۡضِ بِغَيۡرِ ٱلۡحَقِّۗ يَـٰٓأَيُّهَا ٱلنَّاسُ إِنَّمَا بَغۡيُكُمۡ عَلَىٰٓ أَنفُسِكُمۖ مَّتَٰعَ ٱلۡحَيَوٰةِ ٱلدُّنۡيَاۖ ثُمَّ إِلَيۡنَا مَرۡجِعُكُمۡ فَنُنَبِّئُكُم بِمَا كُنتُمۡ تَعۡمَلُونَ
bgy,ب-غ-ي,10,23,يونس,meccan,,,,فَلَمَّآ أَنجَىٰهُمۡ إِذَا هُمۡ يَبۡغُونَ فِي ٱلۡأَرۡضِ بِغَيۡرِ ٱلۡحَقِّۗ يَـٰٓأَيُّهَا ٱلنَّاسُ إِنَّمَا بَغۡيُكُمۡ عَلَىٰٓ أَنفُسِكُمۖ مَّتَٰعَ ٱلۡحَيَوٰةِ ٱلدُّنۡيَاۖ ثُمَّ إِلَيۡنَا مَرۡجِعُكُمۡ فَنُنَبِّئُكُم بِمَا كُنتُمۡ تَعۡمَلُونَ
bgy,ب-غ-ي,10,90,يونس,meccan,,,,۞وَجَٰوَزۡنَا بِبَنِيٓ إِسۡرَـٰٓءِيلَ ٱلۡبَحۡرَ فَأَتۡبَعَهُمۡ فِرۡعَوۡنُ وَجُنُودُهُۥ بَغۡيٗا وَعَدۡوًاۖ حَتَّىٰٓ إِذَآ أَدۡرَكَهُ ٱلۡغَرَقُ قَالَ ءَامَنتُ أَنَّهُۥ لَآ إِلَٰهَ إِلَّا ٱلَّذِيٓ ءَامَنَتۡ بِهِۦ بَنُوٓاْ إِسۡرَـٰٓءِيلَ وَأَنَا۠ مِنَ ٱلۡمُسۡلِمِينَ
bgy,ب-غ-ي,11,19,هود,meccan,,,,ٱلَّذِينَ يَصُدُّونَ عَن سَبِيلِ ٱللَّهِ وَيَبۡغُونَهَا عِوَجٗا وَهُم بِٱلۡأٓخِرَةِ هُمۡ كَٰفِرُونَ
bgy,ب-غ-ي,12,65,يوسف,meccan,,,,وَلَمَّا فَتَحُواْ مَتَٰعَهُمۡ وَجَدُواْ بِضَٰعَتَهُمۡ رُدَّتۡ إِلَيۡهِمۡۖ قَالُواْ يَـٰٓأَبَانَا مَا نَبۡغِيۖ هَٰذِهِۦ بِضَٰعَتُنَا رُدَّتۡ إِلَيۡنَاۖ وَنَمِيرُ أَهۡلَنَا وَنَحۡفَظُ أَخَانَا وَنَزۡدَادُ كَيۡلَ بَعِيرٖۖ ذَٰلِكَ كَيۡلٞ يَسِيرٞ
bgy,ب-غ-ي,13,17,الرعد,medinan,,,,أَنزَلَ مِنَ ٱلسَّمَآءِ مَآءٗ فَسَالَتۡ أَوۡدِيَةُۢ بِقَدَرِهَا فَٱحۡتَمَلَ ٱلسَّيۡلُ زَبَدٗا رَّابِيٗاۖ وَمِمَّا يُوقِدُونَ عَلَيۡهِ فِي ٱلنَّارِ ٱبۡتِغَآءَ حِلۡيَةٍ أَوۡ مَتَٰعٖ زَبَدٞ مِّثۡلُهُۥۚ كَذَٰلِكَ يَضۡرِبُ ٱللَّهُ ٱلۡحَقَّ وَٱلۡبَٰطِلَۚ فَأَمَّا ٱلزَّبَدُ فَيَذۡهَبُ جُفَآءٗۖ وَأَمَّا مَا يَنفَعُ ٱلنَّاسَ فَيَمۡكُثُ فِي ٱلۡأَرۡضِۚ كَذَٰلِكَ يَضۡرِبُ ٱللَّهُ ٱلۡأَمۡثَالَ
bgy,ب-غ-ي,13,22,الرعد,medinan,,,,وَٱلَّذِينَ صَبَرُواْ ٱبۡتِغَآءَ وَجۡهِ رَبِّهِمۡ وَأَقَامُواْ ٱلصَّلَوٰةَ وَأَنفَقُواْ مِمَّا رَزَقۡنَٰهُمۡ سِرّٗا وَعَلَانِيَةٗ وَيَدۡرَءُونَ بِٱلۡحَسَنَةِ ٱلسَّيِّئَةَ أُوْلَـٰٓئِكَ لَهُمۡ عُقۡبَى ٱلدَّارِ
bgy,ب-غ-ي,14,3,ابراهيم,meccan,,,,ٱلَّذِينَ يَسۡتَحِبُّونَ ٱلۡحَيَوٰةَ ٱلدُّنۡيَا عَلَى ٱلۡأٓخِرَةِ وَيَصُدُّونَ عَن سَبِيلِ ٱللَّهِ وَيَبۡغُونَهَا عِوَجًاۚ أُوْلَـٰٓئِكَ فِي ضَلَٰلِۭ بَعِيدٖ
bgy,ب-غ-ي,16,14,النحل,meccan,,,,وَهُوَ ٱلَّذِي سَخَّرَ ٱلۡبَحۡرَ لِتَأۡكُلُواْ مِنۡهُ لَحۡمٗا طَرِيّٗا وَتَسۡتَخۡرِجُواْ مِنۡهُ حِلۡيَةٗ تَلۡبَسُونَهَاۖ وَتَرَى ٱلۡفُلۡكَ مَوَاخِرَ فِيهِ وَلِتَبۡتَغُواْ مِن فَضۡلِهِۦ وَلَعَلَّكُمۡ تَشۡكُرُونَ
bgy,ب-غ-ي,16,90,النحل,meccan,,,,۞إِنَّ ٱللَّهَ يَأۡمُرُ بِٱلۡعَدۡلِ وَٱلۡإِحۡسَٰنِ وَإِيتَآيِٕ ذِي ٱلۡقُرۡبَىٰ وَيَنۡهَىٰ عَنِ ٱلۡفَحۡشَآءِ وَٱلۡمُنكَرِ وَٱلۡبَغۡيِۚ يَعِظُكُمۡ لَعَلَّكُمۡ تَذَكَّرُونَ
bgy,ب-غ-ي,16,115,النحل,meccan,,,,إِنَّمَا حَرَّمَ عَلَيۡكُمُ ٱلۡمَيۡتَةَ وَٱلدَّمَ وَلَحۡمَ ٱلۡخِنزِيرِ وَمَآ أُهِلَّ لِغَيۡرِ ٱللَّهِ بِهِۦۖ فَمَنِ ٱضۡطُرَّ غَيۡرَ بَاغٖ وَلَا عَادٖ فَإِنَّ ٱللَّهَ غَفُورٞ رَّحِيمٞ
bgy,ب-غ-ي,17,12,الإسراء,meccan,,,,وَجَعَلۡنَا ٱلَّيۡلَ وَٱلنَّهَارَ ءَايَتَيۡنِۖ فَمَحَوۡنَآ ءَايَةَ ٱلَّيۡلِ وَجَعَلۡنَآ ءَايَةَ ٱلنَّهَارِ مُبۡصِرَةٗ لِّتَبۡتَغُواْ فَضۡلٗا مِّن رَّبِّكُمۡ وَلِتَعۡلَمُواْ عَدَدَ ٱلسِّنِينَ وَٱلۡحِسَابَۚ وَكُلَّ شَيۡءٖ فَصَّلۡنَٰهُ تَفۡصِيلٗا
bgy,ب-غ-ي,17,28,الإسراء,meccan,,,,وَإِمَّا تُعۡرِضَنَّ عَنۡهُمُ ٱبۡتِغَآءَ رَحۡمَةٖ مِّن رَّبِّكَ تَرۡجُوهَا فَقُل لَّهُمۡ قَوۡلٗا مَّيۡسُورٗا
bgy,ب-غ-ي,17,42,الإسراء,meccan,,,,قُل لَّوۡ كَانَ مَعَهُۥٓ ءَالِهَةٞ كَمَا يَقُولُونَ إِذٗا لَّٱبۡتَغَوۡاْ إِلَىٰ ذِي ٱلۡعَرۡشِ سَبِيلٗا
bgy,ب-غ-ي,17,57,الإسراء,meccan,,,,أُوْلَـٰٓئِكَ ٱلَّذِينَ يَدۡعُونَ يَبۡتَغُونَ إِلَىٰ رَبِّهِمُ ٱلۡوَسِيلَةَ أَيُّهُمۡ أَقۡرَبُ وَيَرۡجُونَ رَحۡمَتَهُۥ وَيَخَافُونَ عَذَابَهُۥٓۚ إِنَّ عَذَابَ رَبِّكَ كَانَ مَحۡذُورٗا
bgy,ب-غ-ي,17,66,الإسراء,meccan,,,,رَّبُّكُمُ ٱلَّذِي يُزۡجِي لَكُمُ ٱلۡفُلۡكَ فِي ٱلۡبَحۡرِ لِتَبۡتَغُواْ مِن فَضۡلِهِۦٓۚ إِنَّهُۥ كَانَ بِكُمۡ رَحِيمٗا
bgy,ب-غ-ي,17,110,الإسراء,meccan,,,,قُلِ ٱدۡعُواْ ٱللَّهَ أَوِ ٱدۡعُواْ ٱلرَّحۡمَٰنَۖ أَيّٗا مَّا تَدۡعُواْ فَلَهُ ٱلۡأَسۡمَآءُ ٱلۡحُسۡنَىٰۚ وَلَا تَجۡهَرۡ بِصَلَاتِكَ وَلَا تُخَافِتۡ بِهَا وَٱبۡتَغِ بَيۡنَ ذَٰلِكَ سَبِيلٗا
bgy,ب-غ-ي,18,64,الكهف,meccan,,,,قَالَ ذَٰلِكَ مَا كُنَّا نَبۡغِۚ فَٱرۡتَدَّا عَلَىٰٓ ءَاثَارِهِمَا قَصَصٗا
bgy,ب-غ-ي,18,108,الكهف,meccan,,,,خَٰلِدِينَ فِيهَا لَا يَبۡغُونَ عَنۡهَا حِوَلٗا
bgy,ب-غ-ي,19,20,مريم,meccan,,,,قَالَتۡ أَنَّىٰ يَكُونُ لِي غُلَٰمٞ وَلَمۡ يَمۡسَسۡنِي بَشَرٞ وَلَمۡ أَكُ بَغِيّٗا
bgy,ب-غ-ي,19,28,مريم,meccan,,,,يَـٰٓأُخۡتَ هَٰرُونَ مَا كَانَ أَبُوكِ ٱمۡرَأَ سَوۡءٖ وَمَا كَانَتۡ أُمُّكِ بَغِيّٗا
bgy,ب-غ-ي,19,92,مريم,meccan,,,,وَمَا يَنۢبَغِي لِلرَّحۡمَٰنِ أَن يَتَّخِذَ وَلَدًا
bgy,ب-غ-ي,22,60,الحج,medinan,,,,۞ذَٰلِكَۖ وَمَنۡ عَاقَبَ بِمِثۡلِ مَا عُوقِبَ بِهِۦ ثُمَّ بُغِيَ عَلَيۡهِ لَيَنصُرَنَّهُ ٱللَّهُۚ إِنَّ ٱللَّهَ لَعَفُوٌّ غَفُورٞ
bgy,ب-غ-ي,23,7,المؤمنون,meccan,,,,فَمَنِ ٱبۡتَغَىٰ وَرَآءَ ذَٰلِكَ فَأُوْلَـٰٓئِكَ هُمُ ٱلۡعَادُونَ
bgy,ب-غ-ي,24,33,النور,medinan,,,,وَلۡيَسۡتَعۡفِفِ ٱلَّذِينَ لَا يَجِدُونَ نِكَاحًا حَتَّىٰ يُغۡنِيَهُمُ ٱللَّهُ مِن فَضۡلِهِۦۗ وَٱلَّذِينَ يَبۡتَغُونَ ٱلۡكِتَٰبَ مِمَّا مَلَكَتۡ أَيۡمَٰنُكُمۡ فَكَاتِبُوهُمۡ إِنۡ عَلِمۡتُمۡ فِيهِمۡ خَيۡرٗاۖ وَءَاتُوهُم مِّن مَّالِ ٱللَّهِ ٱلَّذِيٓ ءَاتَىٰكُمۡۚ وَلَا تُكۡرِهُواْ فَتَيَٰتِكُمۡ عَلَى ٱلۡبِغَآءِ إِنۡ أَرَدۡنَ تَحَصُّنٗا لِّتَبۡتَغُواْ عَرَضَ ٱلۡحَيَوٰةِ ٱلدُّنۡيَاۚ وَمَن يُكۡرِههُّنَّ فَإِنَّ ٱللَّهَ مِنۢ بَعۡدِ إِكۡرَٰهِهِنَّ غَفُورٞ رَّحِيمٞ
bgy,ب-غ-ي,24,33,النور,medinan,,,,وَلۡيَسۡتَعۡفِفِ ٱلَّذِينَ لَا يَجِدُونَ نِكَاحًا حَتَّىٰ يُغۡنِيَهُمُ ٱللَّهُ مِن فَضۡلِهِۦۗ وَٱلَّذِينَ يَبۡتَغُونَ ٱلۡكِتَٰبَ مِمَّا مَلَكَتۡ أَيۡمَٰنُكُمۡ فَكَاتِبُوهُمۡ إِنۡ عَلِمۡتُمۡ فِيهِمۡ خَيۡرٗاۖ وَءَاتُوهُم مِّن مَّالِ ٱللَّهِ ٱلَّذِيٓ ءَاتَىٰكُمۡۚ وَلَا تُكۡرِهُواْ فَتَيَٰتِكُمۡ عَلَى ٱلۡبِغَآءِ إِنۡ أَرَدۡنَ تَحَصُّنٗا لِّتَبۡتَغُواْ عَرَضَ ٱلۡحَيَوٰةِ ٱلدُّنۡيَاۚ وَمَن يُكۡرِههُّنَّ فَإِنَّ ٱللَّهَ مِنۢ بَعۡدِ إِكۡرَٰهِهِنَّ غَفُورٞ رَّحِيمٞ
bgy,ب-غ-ي,24,33,النور,medinan,,,,وَلۡيَسۡتَعۡفِفِ ٱلَّذِينَ لَا يَجِدُونَ نِكَاحًا حَتَّىٰ يُغۡنِيَهُمُ ٱللَّهُ مِن فَضۡلِهِۦۗ وَٱلَّذِينَ يَبۡتَغُونَ ٱلۡكِتَٰبَ مِمَّا مَلَكَتۡ أَيۡمَٰنُكُمۡ فَكَاتِبُوهُمۡ إِنۡ عَلِمۡتُمۡ فِيهِمۡ خَيۡرٗاۖ وَءَاتُوهُم مِّن مَّالِ ٱللَّهِ ٱلَّذِيٓ ءَاتَىٰكُمۡۚ وَلَا تُكۡرِهُواْ فَتَيَٰتِكُمۡ عَلَى ٱلۡبِغَآءِ إِنۡ أَرَدۡنَ تَحَصُّنٗا لِّتَبۡتَغُواْ عَرَضَ ٱلۡحَيَوٰةِ ٱلدُّنۡيَاۚ وَمَن يُكۡرِههُّنَّ فَإِنَّ ٱللَّهَ مِنۢ بَعۡدِ إِكۡرَٰهِهِنَّ غَفُورٞ رَّحِيمٞ
bgy,ب-غ-ي,25,18,الفرقان,meccan,,,,قَالُواْ سُبۡحَٰنَكَ مَا كَانَ يَنۢبَغِي لَنَآ أَن نَّتَّخِذَ مِن دُونِكَ مِنۡ أَوۡلِيَآءَ وَلَٰكِن مَّتَّعۡتَهُمۡ وَءَابَآءَهُمۡ حَتَّىٰ نَسُواْ ٱلذِّكۡرَ وَكَانُواْ قَوۡمَۢا بُورٗا
bgy,ب-غ-ي,26,211,الشعراء,meccan,,,,وَمَا يَنۢبَغِي لَهُمۡ وَمَا يَسۡتَطِيعُونَ
bgy,ب-غ-ي,28,55,القصص,meccan,,,,وَإِذَا سَمِعُواْ ٱللَّغۡوَ أَعۡرَضُواْ عَنۡهُ وَقَالُواْ لَنَآ أَعۡمَٰلُنَا وَلَكُمۡ أَعۡمَٰلُكُمۡ سَلَٰمٌ عَلَيۡكُمۡ لَا نَبۡتَغِي ٱلۡجَٰهِلِينَ
bgy,ب-غ-ي,28,73,القصص,meccan,,,,وَمِن رَّحۡمَتِهِۦ جَعَلَ لَكُمُ ٱلَّيۡلَ وَٱلنَّهَارَ لِتَسۡكُنُواْ فِيهِ وَلِتَبۡتَغُواْ مِن فَضۡلِهِۦ وَلَعَلَّكُمۡ تَشۡكُرُونَ
bgy,ب-غ-ي,28,76,القصص,meccan,,,,۞إِنَّ قَٰرُونَ كَانَ مِن قَوۡمِ مُوسَىٰ فَبَغَىٰ عَلَيۡهِمۡۖ وَءَاتَيۡنَٰهُ مِنَ ٱلۡكُنُوزِ مَآ إِنَّ مَفَاتِحَهُۥ لَتَنُوٓأُ بِٱلۡعُصۡبَةِ أُوْلِي ٱلۡقُوَّةِ إِذۡ قَالَ لَهُۥ قَوۡمُهُۥ لَا تَفۡرَحۡۖ إِنَّ ٱللَّهَ لَا يُحِبُّ ٱلۡفَرِحِينَ
bgy,ب-غ-ي,28,77,القصص,meccan,,,,وَٱبۡتَغِ فِيمَآ ءَاتَىٰكَ ٱللَّهُ ٱلدَّارَ ٱلۡأٓخِرَةَۖ وَلَا تَنسَ نَصِيبَكَ مِنَ ٱلدُّنۡيَاۖ وَأَحۡسِن كَمَآ أَحۡسَنَ ٱللَّهُ إِلَيۡكَۖ وَلَا تَبۡغِ ٱلۡفَسَادَ فِي ٱلۡأَرۡضِۖ إِنَّ ٱللَّهَ لَا يُحِبُّ ٱلۡمُفۡسِدِينَ
bgy,ب-غ-ي,28,77,القصص,meccan,,,,وَٱبۡتَغِ فِيمَآ ءَاتَىٰكَ ٱللَّهُ ٱلدَّارَ ٱلۡأٓخِرَةَۖ وَلَا تَنسَ نَصِيبَكَ مِنَ ٱلدُّنۡيَاۖ وَأَحۡسِن كَمَآ أَحۡسَنَ ٱللَّهُ إِلَيۡكَۖ وَلَا تَبۡغِ ٱلۡفَسَادَ فِي ٱلۡأَرۡضِۖ إِنَّ ٱللَّهَ لَا يُحِبُّ ٱلۡمُفۡسِدِينَ
bgy,ب-غ-ي,29,17,العنكبوت,meccan,,,,إِنَّمَا تَعۡبُدُونَ مِن دُونِ ٱللَّهِ أَوۡثَٰنٗا وَتَخۡلُقُونَ إِفۡكًاۚ إِنَّ ٱلَّذِينَ تَعۡبُدُونَ مِن دُونِ ٱللَّهِ لَا يَمۡلِكُونَ لَكُمۡ رِزۡقٗا فَٱبۡتَغُواْ عِندَ ٱللَّهِ ٱلرِّزۡقَ وَٱعۡبُدُوهُ وَٱشۡكُرُواْ لَهُۥٓۖ إِلَيۡهِ تُرۡجَعُونَ
bgy,ب-غ-ي,30,23,الروم,meccan,,,,وَمِنۡ ءَايَٰتِهِۦ مَنَامُكُم بِٱلَّيۡلِ وَٱلنَّهَارِ وَٱبۡتِغَآؤُكُم مِّن فَضۡلِهِۦٓۚ إِنَّ فِي ذَٰلِكَ لَأٓيَٰتٖ لِّقَوۡمٖ يَسۡمَعُونَ
bgy,ب-غ-ي,30,46,الروم,meccan,,,,وَمِنۡ ءَايَٰتِهِۦٓ أَن يُرۡسِلَ ٱلرِّيَاحَ مُبَشِّرَٰتٖ وَلِيُذِيقَكُم مِّن رَّحۡمَتِهِۦ وَلِتَجۡرِيَ ٱلۡفُلۡكُ بِأَمۡرِهِۦ وَلِتَبۡتَغُواْ مِن فَضۡلِهِۦ وَلَعَلَّكُمۡ تَشۡكُرُونَ
bgy,ب-غ-ي,33,51,الأحزاب,medinan,,,,۞تُرۡجِي مَن تَشَآءُ مِنۡهُنَّ وَتُـٔۡوِيٓ إِلَيۡكَ مَن تَشَآءُۖ وَمَنِ ٱبۡتَغَيۡتَ مِمَّنۡ عَزَلۡتَ فَلَا جُنَاحَ عَلَيۡكَۚ ذَٰلِكَ أَدۡنَىٰٓ أَن تَقَرَّ أَعۡيُنُهُنَّ وَلَا يَحۡزَنَّ وَيَرۡضَيۡنَ بِمَآ ءَاتَيۡتَهُنَّ كُلُّهُنَّۚ وَٱللَّهُ يَعۡلَمُ مَا فِي قُلُوبِكُمۡۚ وَكَانَ ٱللَّهُ عَلِيمًا حَلِيمٗا
bgy,ب-غ-ي,35,12,فاطر,meccan,,,,وَمَا يَسۡتَوِي ٱلۡبَحۡرَانِ هَٰذَا عَذۡبٞ فُرَاتٞ سَآئِغٞ شَرَابُهُۥ وَهَٰذَا مِلۡحٌ أُجَاجٞۖ وَمِن كُلّٖ تَأۡكُلُونَ لَحۡمٗا طَرِيّٗا وَتَسۡتَخۡرِجُونَ حِلۡيَةٗ تَلۡبَسُونَهَاۖ وَتَرَى ٱلۡفُلۡكَ فِيهِ مَوَاخِرَ لِتَبۡتَغُواْ مِن فَضۡلِهِۦ وَلَعَلَّكُمۡ تَشۡكُرُونَ
bgy,ب-غ-ي,36,40,يس,meccan,,,,لَا ٱلشَّمۡسُ يَنۢبَغِي لَهَآ أَن تُدۡرِكَ ٱلۡقَمَرَ وَلَا ٱلَّيۡلُ سَابِقُ ٱلنَّهَارِۚ وَكُلّٞ فِي فَلَكٖ يَسۡبَحُونَ
bgy,ب-غ-ي,36,69,يس,meccan,,,,وَمَا عَلَّمۡنَٰهُ ٱلشِّعۡرَ وَمَا يَنۢبَغِي لَهُۥٓۚ إِنۡ هُوَ إِلَّا ذِكۡرٞ وَقُرۡءَانٞ مُّبِينٞ
bgy,ب-غ-ي,38,22,ص,meccan,,,,إِذۡ دَخَلُواْ عَلَىٰ دَاوُۥدَ فَفَزِعَ مِنۡهُمۡۖ قَالُواْ لَا تَخَفۡۖ خَصۡمَانِ بَغَىٰ بَعۡضُنَا عَلَىٰ بَعۡضٖ فَٱحۡكُم بَيۡنَنَا بِٱلۡحَقِّ وَلَا تُشۡطِطۡ وَٱهۡدِنَآ إِلَىٰ سَوَآءِ ٱلصِّرَٰطِ
bgy,ب-غ-ي,38,24,ص,meccan,,,,قَالَ لَقَدۡ ظَلَمَكَ بِسُؤَالِ نَعۡجَتِكَ إِلَىٰ نِعَاجِهِۦۖ وَإِنَّ كَثِيرٗا مِّنَ ٱلۡخُلَطَآءِ لَيَبۡغِي بَعۡضُهُمۡ عَلَىٰ بَعۡضٍ إِلَّا ٱلَّذِينَ ءَامَنُواْ وَعَمِلُواْ ٱلصَّـٰلِحَٰتِ وَقَلِيلٞ مَّا هُمۡۗ وَظَنَّ دَاوُۥدُ أَنَّمَا فَتَنَّـٰهُ فَٱسۡتَغۡفَرَ رَبَّهُۥ وَخَرَّۤ رَاكِعٗاۤ وَأَنَابَ۩
bgy,ب-غ-ي,38,35,ص,meccan,,,,قَالَ رَبِّ ٱغۡفِرۡ لِي وَهَبۡ لِي مُلۡكٗا لَّا يَنۢبَغِي لِأَحَدٖ مِّنۢ بَعۡدِيٓۖ إِنَّكَ أَنتَ ٱلۡوَهَّابُ
bgy,ب-غ-ي,42,14,الشورى,meccan,,,,وَمَا تَفَرَّقُوٓاْ إِلَّا مِنۢ بَعۡدِ مَا جَآءَهُمُ ٱلۡعِلۡمُ بَغۡيَۢا بَيۡنَهُمۡۚ وَلَوۡلَا كَلِمَةٞ سَبَقَتۡ مِن رَّبِّكَ إِلَىٰٓ أَجَلٖ مُّسَمّٗى لَّقُضِيَ بَيۡنَهُمۡۚ وَإِنَّ ٱلَّذِينَ أُورِثُواْ ٱلۡكِتَٰبَ مِنۢ بَعۡدِهِمۡ لَفِي شَكّٖ مِّنۡهُ مُرِيبٖ
bgy,ب-غ-ي,42,27,الشورى,meccan,,,,۞وَلَوۡ بَسَطَ ٱللَّهُ ٱلرِّزۡقَ لِعِبَادِهِۦ لَبَغَوۡاْ فِي ٱلۡأَرۡضِ وَلَٰكِن يُنَزِّلُ بِقَدَرٖ مَّا يَشَآءُۚ إِنَّهُۥ بِعِبَادِهِۦ خَبِيرُۢ بَصِيرٞ
bgy,ب-غ-ي,42,39,الشورى,meccan,,,,وَٱلَّذِينَ إِذَآ أَصَابَهُمُ ٱلۡبَغۡيُ هُمۡ يَنتَصِرُونَ
bgy,ب-غ-ي,42,42,الشورى,meccan,,,,إِنَّمَا ٱلسَّبِيلُ عَلَى ٱلَّذِينَ يَظۡلِمُونَ ٱلنَّاسَ وَيَبۡغُونَ فِي ٱلۡأَرۡضِ بِغَيۡرِ ٱلۡحَقِّۚ أُوْلَـٰٓئِكَ لَهُمۡ عَذَابٌ أَلِيمٞ
bgy,ب-غ-ي,45,12,الجاثية,meccan,,,,۞ٱللَّهُ ٱلَّذِي سَخَّرَ لَكُمُ ٱلۡبَحۡرَ لِتَجۡرِيَ ٱلۡفُلۡكُ فِيهِ بِأَمۡرِهِۦ وَلِتَبۡتَغُواْ مِن فَضۡلِهِۦ وَلَعَلَّكُمۡ تَشۡكُرُونَ
bgy,ب-غ-ي,45,17,الجاثية,meccan,,,,وَءَاتَيۡنَٰهُم بَيِّنَٰتٖ مِّنَ ٱلۡأَمۡرِۖ فَمَا ٱخۡتَلَفُوٓاْ إِلَّا مِنۢ بَعۡدِ مَا جَآءَهُمُ ٱلۡعِلۡمُ بَغۡيَۢا بَيۡنَهُمۡۚ إِنَّ رَبَّكَ يَقۡضِي بَيۡنَهُمۡ يَوۡمَ ٱلۡقِيَٰمَةِ فِيمَا كَانُواْ فِيهِ يَخۡتَلِفُونَ
bgy,ب-غ-ي,48,29,الفتح,medinan,,,,مُّحَمَّدٞ رَّسُولُ ٱللَّهِۚ وَٱلَّذِينَ مَعَهُۥٓ أَشِدَّآءُ عَلَى ٱلۡكُفَّارِ رُحَمَآءُ بَيۡنَهُمۡۖ تَرَىٰهُمۡ رُكَّعٗا سُجَّدٗا يَبۡتَغُونَ فَضۡلٗا مِّنَ ٱللَّهِ وَرِضۡوَٰنٗاۖ سِيمَاهُمۡ فِي وُجُوهِهِم مِّنۡ أَثَرِ ٱلسُّجُودِۚ ذَٰلِكَ مَثَلُهُمۡ فِي ٱلتَّوۡرَىٰةِۚ وَمَثَلُهُمۡ فِي ٱلۡإِنجِيلِ كَزَرۡعٍ أَخۡرَجَ شَطۡـَٔهُۥ فَـَٔازَرَهُۥ فَٱسۡتَغۡلَظَ فَٱسۡتَوَىٰ عَلَىٰ سُوقِهِۦ يُعۡجِبُ ٱلزُّرَّاعَ لِيَغِيظَ بِهِمُ ٱلۡكُفَّارَۗ وَعَدَ ٱللَّهُ ٱلَّذِينَ ءَامَنُواْ وَعَمِلُواْ ٱلصَّـٰلِحَٰتِ مِنۡهُم مَّغۡفِرَةٗ وَأَجۡرًا عَظِيمَۢا
bgy,ب-غ-ي,49,9,الحجرات,medinan,,,,وَإِن طَآئِفَتَانِ مِنَ ٱلۡمُؤۡمِنِينَ ٱقۡتَتَلُواْ فَأَصۡلِحُواْ بَيۡنَهُمَاۖ فَإِنۢ بَغَتۡ إِحۡدَىٰهُمَا عَلَى ٱلۡأُخۡرَىٰ فَقَٰتِلُواْ ٱلَّتِي تَبۡغِي حَتَّىٰ تَفِيٓءَ إِلَىٰٓ أَمۡرِ ٱللَّهِۚ فَإِن فَآءَتۡ فَأَصۡلِحُواْ بَيۡنَهُمَا بِٱلۡعَدۡلِ وَأَقۡسِطُوٓاْۖ إِنَّ ٱللَّهَ يُحِبُّ ٱلۡمُقۡسِطِينَ
bgy,ب-غ-ي,49,9,الحجرات,medinan,,,,وَإِن طَآئِفَتَانِ مِنَ ٱلۡمُؤۡمِنِينَ ٱقۡتَتَلُواْ فَأَصۡلِحُواْ بَيۡنَهُمَاۖ فَإِنۢ بَغَتۡ إِحۡدَىٰهُمَا عَلَى ٱلۡأُخۡرَىٰ فَقَٰتِلُواْ ٱلَّتِي تَبۡغِي حَتَّىٰ تَفِيٓءَ إِلَىٰٓ أَمۡرِ ٱللَّهِۚ فَإِن فَآءَتۡ فَأَصۡلِحُواْ بَيۡنَهُمَا بِٱلۡعَدۡلِ وَأَقۡسِطُوٓاْۖ إِنَّ ٱللَّهَ يُحِبُّ ٱلۡمُقۡسِطِينَ
bgy,ب-غ-ي,55,20,الرحمن,medinan,,,,بَيۡنَهُمَا بَرۡزَخٞ لَّا يَبۡغِيَانِ
bgy,ب-غ-ي,57,27,الحديد,medinan,,,,ثُمَّ قَفَّيۡنَا عَلَىٰٓ ءَاثَٰرِهِم بِرُسُلِنَا وَقَفَّيۡنَا بِعِيسَى ٱبۡنِ مَرۡيَمَ وَءَاتَيۡنَٰهُ ٱلۡإِنجِيلَۖ وَجَعَلۡنَا فِي قُلُوبِ ٱلَّذِينَ ٱتَّبَعُوهُ رَأۡفَةٗ وَرَحۡمَةٗۚ وَرَهۡبَانِيَّةً ٱبۡتَدَعُوهَا مَا كَتَبۡنَٰهَا عَلَيۡهِمۡ إِلَّا ٱبۡتِغَآءَ رِضۡوَٰنِ ٱللَّهِ فَمَا رَعَوۡهَا حَقَّ رِعَايَتِهَاۖ فَـَٔاتَيۡنَا ٱلَّذِينَ ءَامَنُواْ مِنۡهُمۡ أَجۡرَهُمۡۖ وَكَثِيرٞ مِّنۡهُمۡ فَٰسِقُونَ
bgy,ب-غ-ي,59,8,الحشر,medinan,,,,لِلۡفُقَرَآءِ ٱلۡمُهَٰجِرِينَ ٱلَّذِينَ أُخۡرِجُواْ مِن دِيَٰرِهِمۡ وَأَمۡوَٰلِهِمۡ يَبۡتَغُونَ فَضۡلٗا مِّنَ ٱللَّهِ وَرِضۡوَٰنٗا وَيَنصُرُونَ ٱللَّهَ وَرَسُولَهُۥٓۚ أُوْلَـٰٓئِكَ هُمُ ٱلصَّـٰدِقُونَ
bgy,ب-غ-ي,60,1,الممتحنة,medinan,,,,يَـٰٓأَيُّهَا ٱلَّذِينَ ءَامَنُواْ لَا تَتَّخِذُواْ عَدُوِّي وَعَدُوَّكُمۡ أَوۡلِيَآءَ تُلۡقُونَ إِلَيۡهِم بِٱلۡمَوَدَّةِ وَقَدۡ كَفَرُواْ بِمَا جَآءَكُم مِّنَ ٱلۡحَقِّ يُخۡرِجُونَ ٱلرَّسُولَ وَإِيَّاكُمۡ أَن تُؤۡمِنُواْ بِٱللَّهِ رَبِّكُمۡ إِن كُنتُمۡ خَرَجۡتُمۡ جِهَٰدٗا فِي سَبِيلِي وَٱبۡتِغَآءَ مَرۡضَاتِيۚ تُسِرُّونَ إِلَيۡهِم بِٱلۡمَوَدَّةِ وَأَنَا۠ أَعۡلَمُ بِمَآ أَخۡفَيۡتُمۡ وَمَآ أَعۡلَنتُمۡۚ وَمَن يَفۡعَلۡهُ مِنكُمۡ فَقَدۡ ضَلَّ سَوَآءَ ٱلسَّبِيلِ
bgy,ب-غ-ي,62,10,الجمعة,medinan,,,,فَإِذَا قُضِيَتِ ٱلصَّلَوٰةُ فَٱنتَشِرُواْ فِي ٱلۡأَرۡضِ وَٱبۡتَغُواْ مِن فَضۡلِ ٱللَّهِ وَٱذۡكُرُواْ ٱللَّهَ كَثِيرٗا لَّعَلَّكُمۡ تُفۡلِحُونَ
bgy,ب-غ-ي,66,1,التحريم,medinan,,,,يَـٰٓأَيُّهَا ٱلنَّبِيُّ لِمَ تُحَرِّمُ مَآ أَحَلَّ ٱللَّهُ لَكَۖ تَبۡتَغِي مَرۡضَاتَ أَزۡوَٰجِكَۚ وَٱللَّهُ غَفُورٞ رَّحِيمٞ
bgy,ب-غ-ي,70,31,المعارج,meccan,,,,فَمَنِ ٱبۡتَغَىٰ وَرَآءَ ذَٰلِكَ فَأُوْلَـٰٓئِكَ هُمُ ٱلۡعَادُونَ
bgy,ب-غ-ي,73,20,المزمل,meccan,,,,۞إِنَّ رَبَّكَ يَعۡلَمُ أَنَّكَ تَقُومُ أَدۡنَىٰ مِن ثُلُثَيِ ٱلَّيۡلِ وَنِصۡفَهُۥ وَثُلُثَهُۥ وَطَآئِفَةٞ مِّنَ ٱلَّذِينَ مَعَكَۚ وَٱللَّهُ يُقَدِّرُ ٱلَّيۡلَ وَٱلنَّهَارَۚ عَلِمَ أَن لَّن تُحۡصُوهُ فَتَابَ عَلَيۡكُمۡۖ فَٱقۡرَءُواْ مَا تَيَسَّرَ مِنَ ٱلۡقُرۡءَانِۚ عَلِمَ أَن سَيَكُونُ مِنكُم مَّرۡضَىٰ وَءَاخَرُونَ يَضۡرِبُونَ فِي ٱلۡأَرۡضِ يَبۡتَغُونَ مِن فَضۡلِ ٱللَّهِ وَءَاخَرُونَ يُقَٰتِلُونَ فِي سَبِيلِ ٱللَّهِۖ فَٱقۡرَءُواْ مَا تَيَسَّرَ مِنۡهُۚ وَأَقِيمُواْ ٱلصَّلَوٰةَ وَءَاتُواْ ٱلزَّكَوٰةَ وَأَقۡرِضُواْ ٱللَّهَ قَرۡضًا حَسَنٗاۚ وَمَا تُقَدِّمُواْ لِأَنفُسِكُم مِّنۡ خَيۡرٖ تَجِدُوهُ عِندَ ٱللَّهِ هُوَ خَيۡرٗا وَأَعۡظَمَ أَجۡرٗاۚ وَٱسۡتَغۡفِرُواْ ٱللَّهَۖ إِنَّ ٱللَّهَ غَفُورٞ رَّحِيمُۢ
bgy,ب-غ-ي,92,20,الليل,meccan,,,,إِلَّا ٱبۡتِغَآءَ وَجۡهِ رَبِّهِ ٱلۡأَعۡلَىٰ
Tgy,ط-غ-ي,2,15,البقرة,medinan,,,,ٱللَّهُ يَسۡتَهۡزِئُ بِهِمۡ وَيَمُدُّهُمۡ فِي طُغۡيَٰنِهِمۡ يَعۡمَهُونَ
Tgy,ط-غ-ي,2,256,البقرة,medinan,,,,لَآ إِكۡرَاهَ فِي ٱلدِّينِۖ قَد تَّبَيَّنَ ٱلرُّشۡدُ مِنَ ٱلۡغَيِّۚ فَمَن يَكۡفُرۡ بِٱلطَّـٰغُوتِ وَيُؤۡمِنۢ بِٱللَّهِ فَقَدِ ٱسۡتَمۡسَكَ بِٱلۡعُرۡوَةِ ٱلۡوُثۡقَىٰ لَا ٱنفِصَامَ لَهَاۗ وَٱللَّهُ سَمِيعٌ عَلِيمٌ
Tgy,ط-غ-ي,2,257,البقرة,medinan,,,,ٱللَّهُ وَلِيُّ ٱلَّذِينَ ءَامَنُواْ يُخۡرِجُهُم مِّنَ ٱلظُّلُمَٰتِ إِلَى ٱلنُّورِۖ وَٱلَّذِينَ كَفَرُوٓاْ أَوۡلِيَآؤُهُمُ ٱلطَّـٰغُوتُ يُخۡرِجُونَهُم مِّنَ ٱلنُّورِ إِلَى ٱلظُّلُمَٰتِۗ أُوْلَـٰٓئِكَ أَصۡحَٰبُ ٱلنَّارِۖ هُمۡ فِيهَا خَٰلِدُونَ
Tgy,ط-غ-ي,4,51,النساء,medinan,,,,أَلَمۡ تَرَ إِلَى ٱلَّذِينَ أُوتُواْ نَصِيبٗا مِّنَ ٱلۡكِتَٰبِ يُؤۡمِنُونَ بِٱلۡجِبۡتِ وَٱلطَّـٰغُوتِ وَيَقُولُونَ لِلَّذِينَ كَفَرُواْ هَـٰٓؤُلَآءِ أَهۡدَىٰ مِنَ ٱلَّذِينَ ءَامَنُواْ سَبِيلًا
Tgy,ط-غ-ي,4,60,النساء,medinan,,,,أَلَمۡ تَرَ إِلَى ٱلَّذِينَ يَزۡعُمُونَ أَنَّهُمۡ ءَامَنُواْ بِمَآ أُنزِلَ إِلَيۡكَ وَمَآ أُنزِلَ مِن قَبۡلِكَ يُرِيدُونَ أَن يَتَحَاكَمُوٓاْ إِلَى ٱلطَّـٰغُوتِ وَقَدۡ أُمِرُوٓاْ أَن يَكۡفُرُواْ بِهِۦۖ وَيُرِيدُ ٱلشَّيۡطَٰنُ أَن يُضِلَّهُمۡ ضَلَٰلَۢا بَعِيدٗا
Tgy,ط-غ-ي,4,76,النساء,medinan,,,,ٱلَّذِينَ ءَامَنُواْ يُقَٰتِلُونَ فِي سَبِيلِ ٱللَّهِۖ وَٱلَّذِينَ كَفَرُواْ يُقَٰتِلُونَ فِي سَبِيلِ ٱلطَّـٰغُوتِ فَقَٰتِلُوٓاْ أَوۡلِيَآءَ ٱلشَّيۡطَٰنِۖ إِنَّ كَيۡدَ ٱلشَّيۡطَٰنِ كَانَ ضَعِيفًا
Tgy,ط-غ-ي,5,60,المائدة,medinan,,,,قُلۡ هَلۡ أُنَبِّئُكُم بِشَرّٖ مِّن ذَٰلِكَ مَثُوبَةً عِندَ ٱللَّهِۚ مَن لَّعَنَهُ ٱللَّهُ وَغَضِبَ عَلَيۡهِ وَجَعَلَ مِنۡهُمُ ٱلۡقِرَدَةَ وَٱلۡخَنَازِيرَ وَعَبَدَ ٱلطَّـٰغُوتَۚ أُوْلَـٰٓئِكَ شَرّٞ مَّكَانٗا وَأَضَلُّ عَن سَوَآءِ ٱلسَّبِيلِ
Tgy,ط-غ-ي,5,64,المائدة,medinan,,,,وَقَالَتِ ٱلۡيَهُودُ يَدُ ٱللَّهِ مَغۡلُولَةٌۚ غُلَّتۡ أَيۡدِيهِمۡ وَلُعِنُواْ بِمَا قَالُواْۘ بَلۡ يَدَاهُ مَبۡسُوطَتَانِ يُنفِقُ كَيۡفَ يَشَآءُۚ وَلَيَزِيدَنَّ كَثِيرٗا مِّنۡهُم مَّآ أُنزِلَ إِلَيۡكَ مِن رَّبِّكَ طُغۡيَٰنٗا وَكُفۡرٗاۚ وَأَلۡقَيۡنَا بَيۡنَهُمُ ٱلۡعَدَٰوَةَ وَٱلۡبَغۡضَآءَ إِلَىٰ يَوۡمِ ٱلۡقِيَٰمَةِۚ كُلَّمَآ أَوۡقَدُواْ نَارٗا لِّلۡحَرۡبِ أَطۡفَأَهَا ٱللَّهُۚ وَيَسۡعَوۡنَ فِي ٱلۡأَرۡضِ فَسَادٗاۚ وَٱللَّهُ لَا يُحِبُّ ٱلۡمُفۡسِدِينَ
Tgy,ط-غ-ي,5,68,المائدة,medinan,,,,قُلۡ يَـٰٓأَهۡلَ ٱلۡكِتَٰبِ لَسۡتُمۡ عَلَىٰ شَيۡءٍ حَتَّىٰ تُقِيمُواْ ٱلتَّوۡرَىٰةَ وَٱلۡإِنجِيلَ وَمَآ أُنزِلَ إِلَيۡكُم مِّن رَّبِّكُمۡۗ وَلَيَزِيدَنَّ كَثِيرٗا مِّنۡهُم مَّآ أُنزِلَ إِلَيۡكَ مِن رَّبِّكَ طُغۡيَٰنٗا وَكُفۡرٗاۖ فَلَا تَأۡسَ عَلَى ٱلۡقَوۡمِ ٱلۡكَٰفِرِينَ
Tgy,ط-غ-ي,6,110,الأنعام,meccan,,,,وَنُقَلِّبُ أَفۡـِٔدَتَهُمۡ وَأَبۡصَٰرَهُمۡ كَمَا لَمۡ يُؤۡمِنُواْ بِهِۦٓ أَوَّلَ مَرَّةٖ وَنَذَرُهُمۡ فِي طُغۡيَٰنِهِمۡ يَعۡمَهُونَ
Tgy,ط-غ-ي,7,186,الأعراف,meccan,,,,مَن يُضۡلِلِ ٱللَّهُ فَلَا هَادِيَ لَهُۥۚ وَيَذَرُهُمۡ فِي طُغۡيَٰنِهِمۡ يَعۡمَهُونَ
Tgy,ط-غ-ي,10,11,يونس,meccan,,,,۞وَلَوۡ يُعَجِّلُ ٱللَّهُ لِلنَّاسِ ٱلشَّرَّ ٱسۡتِعۡجَالَهُم بِٱلۡخَيۡرِ لَقُضِيَ إِلَيۡهِمۡ أَجَلُهُمۡۖ فَنَذَرُ ٱلَّذِينَ لَا يَرۡجُونَ لِقَآءَنَا فِي طُغۡيَٰنِهِمۡ يَعۡمَهُونَ
Tgy,ط-غ-ي,11,112,هود,meccan,,,,فَٱسۡتَقِمۡ كَمَآ أُمِرۡتَ وَمَن تَابَ مَعَكَ وَلَا تَطۡغَوۡاْۚ إِنَّهُۥ بِمَا تَعۡمَلُونَ بَصِيرٞ
Tgy,ط-غ-ي,16,36,النحل,meccan,,,,وَلَقَدۡ بَعَثۡنَا فِي كُلِّ أُمَّةٖ رَّسُولًا أَنِ ٱعۡبُدُواْ ٱللَّهَ وَٱجۡتَنِبُواْ ٱلطَّـٰغُوتَۖ فَمِنۡهُم مَّنۡ هَدَى ٱللَّهُ وَمِنۡهُم مَّنۡ حَقَّتۡ عَلَيۡهِ ٱلضَّلَٰلَةُۚ فَسِيرُواْ فِي ٱلۡأَرۡضِ فَٱنظُرُواْ كَيۡفَ كَانَ عَٰقِبَةُ ٱلۡمُكَذِّبِينَ
Tgy,ط-غ-ي,17,60,الإسراء,meccan,,,,وَإِذۡ قُلۡنَا لَكَ إِنَّ رَبَّكَ أَحَاطَ بِٱلنَّاسِۚ وَمَا جَعَلۡنَا ٱلرُّءۡيَا ٱلَّتِيٓ أَرَيۡنَٰكَ إِلَّا فِتۡنَةٗ لِّلنَّاسِ وَٱلشَّجَرَةَ ٱلۡمَلۡعُونَةَ فِي ٱلۡقُرۡءَانِۚ وَنُخَوِّفُهُمۡ فَمَا يَزِيدُهُمۡ إِلَّا طُغۡيَٰنٗا كَبِيرٗا
Tgy,ط-غ-ي,18,80,الكهف,meccan,,,,وَأَمَّا ٱلۡغُلَٰمُ فَكَانَ أَبَوَاهُ مُؤۡمِنَيۡنِ فَخَشِينَآ أَن يُرۡهِقَهُمَا طُغۡيَٰنٗا وَكُفۡرٗا
Tgy,ط-غ-ي,20,24,طه,meccan,,,,ٱذۡهَبۡ إِلَىٰ فِرۡعَوۡنَ إِنَّهُۥ طَغَىٰ
Tgy,ط-غ-ي,20,43,طه,meccan,,,,ٱذۡهَبَآ إِلَىٰ فِرۡعَوۡنَ إِنَّهُۥ طَغَىٰ
Tgy,ط-غ-ي,20,45,طه,meccan,,,,قَالَا رَبَّنَآ إِنَّنَا نَخَافُ أَن يَفۡرُطَ عَلَيۡنَآ أَوۡ أَن يَطۡغَىٰ
Tgy,ط-غ-ي,20,81,طه,meccan,,,,كُلُواْ مِن طَيِّبَٰتِ مَا رَزَقۡنَٰكُمۡ وَلَا تَطۡغَوۡاْ فِيهِ فَيَحِلَّ عَلَيۡكُمۡ غَضَبِيۖ وَمَن يَحۡلِلۡ عَلَيۡهِ غَضَبِي فَقَدۡ هَوَىٰ
Tgy,ط-غ-ي,23,75,المؤمنون,meccan,,,,۞وَلَوۡ رَحِمۡنَٰهُمۡ وَكَشَفۡنَا مَا بِهِم مِّن ضُرّٖ لَّلَجُّواْ فِي طُغۡيَٰنِهِمۡ يَعۡمَهُونَ
Tgy,ط-غ-ي,37,30,الصافات,meccan,,,,وَمَا كَانَ لَنَا عَلَيۡكُم مِّن سُلۡطَٰنِۭۖ بَلۡ كُنتُمۡ قَوۡمٗا طَٰغِينَ
Tgy,ط-غ-ي,38,55,ص,meccan,,,,هَٰذَاۚ وَإِنَّ لِلطَّـٰغِينَ لَشَرَّ مَـَٔابٖ
Tgy,ط-غ-ي,39,17,الزمر,meccan,,,,وَٱلَّذِينَ ٱجۡتَنَبُواْ ٱلطَّـٰغُوتَ أَن يَعۡبُدُوهَا وَأَنَابُوٓاْ إِلَى ٱللَّهِ لَهُمُ ٱلۡبُشۡرَىٰۚ فَبَشِّرۡ عِبَادِ
Tgy,ط-غ-ي,50,27,ق,meccan,,,,۞قَالَ قَرِينُهُۥ رَبَّنَا مَآ أَطۡغَيۡتُهُۥ وَلَٰكِن كَانَ فِي ضَلَٰلِۭ بَعِيدٖ
Tgy,ط-غ-ي,51,53,الذاريات,meccan,,,,أَتَوَاصَوۡاْ بِهِۦۚ بَلۡ هُمۡ قَوۡمٞ طَاغُونَ
Tgy,ط-غ-ي,52,32,الطور,meccan,,,,أَمۡ تَأۡمُرُهُمۡ أَحۡلَٰمُهُم بِهَٰذَآۚ أَمۡ هُمۡ قَوۡمٞ طَاغُونَ
Tgy,ط-غ-ي,53,17,النجم,meccan,,,,مَا زَاغَ ٱلۡبَصَرُ وَمَا طَغَىٰ
Tgy,ط-غ-ي,53,52,النجم,meccan,,,,وَقَوۡمَ نُوحٖ مِّن قَبۡلُۖ إِنَّهُمۡ كَانُواْ هُمۡ أَظۡلَمَ وَأَطۡغَىٰ
Tgy,ط-غ-ي,55,8,الرحمن,medinan,,,,أَلَّا تَطۡغَوۡاْ فِي ٱلۡمِيزَانِ
Tgy,ط-غ-ي,68,31,القلم,meccan,,,,قَالُواْ يَٰوَيۡلَنَآ إِنَّا كُنَّا طَٰغِينَ
Tgy,ط-غ-ي,69,5,الحاقة,meccan,,,,فَأَمَّا ثَمُودُ فَأُهۡلِكُواْ بِٱلطَّاغِيَةِ
Tgy,ط-غ-ي,69,11,الحاقة,meccan,,,,إِنَّا لَمَّا طَغَا ٱلۡمَآءُ حَمَلۡنَٰكُمۡ فِي ٱلۡجَارِيَةِ
Tgy,ط-غ-ي,78,22,النبإ,meccan,,,,لِّلطَّـٰغِينَ مَـَٔابٗا
Tgy,ط-غ-ي,79,17,النازعات,meccan,,,,ٱذۡهَبۡ إِلَىٰ فِرۡعَوۡنَ إِنَّهُۥ طَغَىٰ
Tgy,ط-غ-ي,79,37,النازعات,meccan,,,,فَأَمَّا مَن طَغَىٰ
Tgy,ط-غ-ي,89,11,الفجر,meccan,,,,ٱلَّذِينَ طَغَوۡاْ فِي ٱلۡبِلَٰدِ
Tgy,ط-غ-ي,91,11,الشمس,meccan,,,,كَذَّبَتۡ ثَمُودُ بِطَغۡوَىٰهَآ
Tgy,ط-غ-ي,96,6,العلق,meccan,,,,كَلَّآ إِنَّ ٱلۡإِنسَٰنَ لَيَطۡغَىٰٓ
Etw,ع-ت-و,7,77,الأعراف,meccan,,,,فَعَقَرُواْ ٱلنَّاقَةَ وَعَتَوۡاْ عَنۡ أَمۡرِ رَبِّهِمۡ وَقَالُواْ يَٰصَٰلِحُ ٱئۡتِنَا بِمَا تَعِدُنَآ إِن كُنتَ مِنَ ٱلۡمُرۡسَلِينَ
Etw,ع-ت-و,7,166,الأعراف,meccan,,,,فَلَمَّا عَتَوۡاْ عَن مَّا نُهُواْ عَنۡهُ قُلۡنَا لَهُمۡ كُونُواْ قِرَدَةً خَٰسِـِٔينَ
Etw,ع-ت-و,19,8,مريم,meccan,,,,قَالَ رَبِّ أَنَّىٰ يَكُونُ لِي غُلَٰمٞ وَكَانَتِ ٱمۡرَأَتِي عَاقِرٗا وَقَدۡ بَلَغۡتُ مِنَ ٱلۡكِبَرِ عِتِيّٗا
Etw,ع-ت-و,19,69,مريم,meccan,,,,ثُمَّ لَنَنزِعَنَّ مِن كُلِّ شِيعَةٍ أَيُّهُمۡ أَشَدُّ عَلَى ٱلرَّحۡمَٰنِ عِتِيّٗا
Etw,ع-ت-و,25,21,الفرقان,meccan,,,,۞وَقَالَ ٱلَّذِينَ لَا يَرۡجُونَ لِقَآءَنَا لَوۡلَآ أُنزِلَ عَلَيۡنَا ٱلۡمَلَـٰٓئِكَةُ أَوۡ نَرَىٰ رَبَّنَاۗ لَقَدِ ٱسۡتَكۡبَرُواْ فِيٓ أَنفُسِهِمۡ وَعَتَوۡ عُتُوّٗا كَبِيرٗا
Etw,ع-ت-و,25,21,الفرقان,meccan,,,,۞وَقَالَ ٱلَّذِينَ لَا يَرۡجُونَ لِقَآءَنَا لَوۡلَآ أُنزِلَ عَلَيۡنَا ٱلۡمَلَـٰٓئِكَةُ أَوۡ نَرَىٰ رَبَّنَاۗ لَقَدِ ٱسۡتَكۡبَرُواْ فِيٓ أَنفُسِهِمۡ وَعَتَوۡ عُتُوّٗا كَبِيرٗا
Etw,ع-ت-و,51,44,الذاريات,meccan,,,,فَعَتَوۡاْ عَنۡ أَمۡرِ رَبِّهِمۡ فَأَخَذَتۡهُمُ ٱلصَّـٰعِقَةُ وَهُمۡ يَنظُرُونَ
Etw,ع-ت-و,65,8,الطلاق,medinan,,,,وَكَأَيِّن مِّن قَرۡيَةٍ عَتَتۡ عَنۡ أَمۡرِ رَبِّهَا وَرُسُلِهِۦ فَحَاسَبۡنَٰهَا حِسَابٗا شَدِيدٗا وَعَذَّبۡنَٰهَا عَذَابٗا نُّكۡرٗا
Etw,ع-ت-و,67,21,الملك,meccan,,,,أَمَّنۡ هَٰذَا ٱلَّذِي يَرۡزُقُكُمۡ إِنۡ أَمۡسَكَ رِزۡقَهُۥۚ بَل لَّجُّواْ فِي عُتُوّٖ وَنُفُورٍ
Etw,ع-ت-و,69,6,الحاقة,meccan,,,,وَأَمَّا عَادٞ فَأُهۡلِكُواْ بِرِيحٖ صَرۡصَرٍ عَاتِيَةٖ
